trial_index,pair_id,left_ori,right_ori,stim_on_s,stim_off_s
0,0-90,90,0,2.549319800004014,1.944626699987566
1,0-90,90,0,4.067823999997927,3.477714599997853
